<?xml version="1.0" encoding="UTF-8" ?>
<!DOCTYPE mapper PUBLIC "-//mybatis.org//DTD Mapper 3.0//EN" "http://mybatis.org/dtd/mybatis-3-mapper.dtd">
<mapper namespace="LibraryManageSystem.mapper.BookMapper">
    <resultMap id="bookResultMap" type="LibraryManageSystem.pojo.Book">
        <id column="bookID" property="bookID"/>
        <result column="Title" property="Title"/>
        <result column="Author" property="Author"/>
        <result column="Publisher" property="Publisher"/>
        <result column="Category" property="Category"/>
        <result column="Status" property="Status"/>
        <result column="CoverImage" property="CoverImage"/>
    </resultMap>
    <select id="getAllBooks" resultMap="bookResultMap">
        SELECT * FROM book
    </select>
    <select id="getBookStatus" resultMap="bookResultMap">
        select Bookid,Title,Status from book
    </select>
    <select id="getBookById" parameterType="String" resultMap="bookResultMap">
        SELECT * FROM book WHERE bookID = #{bookID}
    </select>
    <insert id="addBook" parameterType="LibraryManageSystem.pojo.Book">
        INSERT INTO book (bookID, Title, Author, Publisher, Category, Status, CoverImage)
        VALUES (#{bookID}, #{Title}, #{Author}, #{Publisher}, #{Category}, #{Status}, #{CoverImage})
    </insert>
    <update id="updateBook" parameterType="LibraryManageSystem.pojo.Book">
        UPDATE book SET Title = #{Title}, Author = #{Author}, Publisher = #{Publisher},
        Category = #{Category}, Status = #{Status}, CoverImage = #{CoverImage}
        WHERE bookID = #{bookID}
    </update>
    <delete id="deleteBook" parameterType="String">
        DELETE FROM book WHERE bookID = #{bookID}
    </delete>
</mapper>

