<?xml version="1.0" encoding="UTF-8" ?>
<!DOCTYPE mapper PUBLIC "-//mybatis.org//DTD Mapper 3.0//EN"
        "http://mybatis.org/dtd/mybatis-3-mapper.dtd">
<mapper namespace="LibraryManageSystem.mapper.BorrowRecordMapper">

    <insert id="insertBorrowRecord" parameterType="LibraryManageSystem.pojo.BorrowRecord" useGeneratedKeys="true">
        INSERT INTO borrowrecord (RecordID, ReaderID, BookID, BorrowDate, ReturnDate, BorrowStatus, FineAmount, BorrowDays)
        VALUES (#{RecordID}, #{ReaderID}, #{BookID}, #{BorrowDate}, null, #{BorrowStatus}, #{FineAmount}, #{BorrowDays})
    </insert>

    <select id="getAllBorrowRecords" resultType="LibraryManageSystem.pojo.BorrowRecord"> <!-- 添加查询所有借阅记录的 SQL 语句 -->
        SELECT * FROM borrowrecord;
    </select>
    <update id="updateBorrowRecord" parameterType="LibraryManageSystem.pojo.BorrowRecord"> <!-- 添加更新借阅记录的 SQL 语句 -->
        UPDATE borrowrecord
        SET LibrarianID = #{LibrarianID}, ReaderID = #{ReaderID}, BookID = #{BookID}, BorrowDate = #{BorrowDate},
        ReturnDate = #{ReturnDate}, BorrowStatus = #{BorrowStatus}, FineAmount = #{FineAmount}, BorrowDays = #{BorrowDays}
        WHERE RecordID = #{RecordID}
    </update>
    <select id="getBorrowRecordCountByReaderId" parameterType="String" resultType="int">
    SELECT COUNT(*) FROM borrowrecord WHERE reader_id = #{readerId}
</select>



</mapper>
