<?xml version="1.0" encoding="UTF-8"?> <!DOCTYPE mapper PUBLIC "-//mybatis.org//DTD Mapper 3.0//EN" "http://mybatis.org/dtd/mybatis-3-mapper.dtd"> <mapper namespace="LibraryManageSystem.mapper.LibrarianMapper">
    <insert id="addLibrarian" parameterType="LibraryManageSystem.pojo.Librarian">
    INSERT INTO librarian (AdminID, Password, PhoneNumber, AdminName)
    VALUES (#{adminID}, #{password}, #{phoneNumber}, #{adminName})
</insert>

    <update id="updateLibrarian" parameterType="LibraryManageSystem.pojo.Librarian">
    UPDATE librarian
    SET Password = #{password}, PhoneNumber = #{phoneNumber}, AdminName = #{adminName}
    WHERE AdminID = #{adminID}
</update>

    <delete id="deleteLibrarian" parameterType="String">
    DELETE FROM librarian WHERE AdminID = #{adminID}
</delete>

    <select id="getLibrarian" parameterType="String" resultType="LibraryManageSystem.pojo.Librarian">
    SELECT AdminID, Password, PhoneNumber, AdminName
    FROM librarian
    WHERE AdminID = #{adminID}
</select>
    <select id="getAllLibrarians" resultType="LibraryManageSystem.pojo.Librarian">
    SELECT * FROM librarian
</select>

</mapper>