<?xml version="1.0" encoding="UTF-8" ?> <!DOCTYPE mapper PUBLIC "-//mybatis.org//DTD Mapper 3.0//EN" "http://mybatis.org/dtd/mybatis-3-mapper.dtd"> <mapper namespace="LibraryManageSystem.mapper.ReaderMapper"> <select id="getReaderByID" resultType="LibraryManageSystem.pojo.Reader"> SELECT * FROM Reader WHERE ReaderID=#{readerID} </select>
    <insert id="addReader">
    INSERT INTO reader (ReaderID, ReaderType, Password, PhoneNumber, ReaderName)
    VALUES (#{ReaderID}, #{ReaderType}, #{Password}, #{PhoneNumber}, #{ReaderName})
</insert>

    <update id="updateReader">
        update reader
        <set>
            <if test="Password != null">Password=#{Password},</if>
            <if test="ReaderName != null">ReaderName=#{ReaderName},</if>
            <if test="PhoneNumber != null">PhoneNumber=#{PhoneNumber},</if>
            <if test="ReaderType != null">
                <choose>
                    <when test="ReaderType == '学生'">ReaderType='学生'</when>
                    <when test="ReaderType == '教师'">ReaderType='教师'</when>
                </choose>
            </if>
        </set>
        where ReaderID=#{ReaderID}
    </update>

    <delete id="deleteReader">
    DELETE FROM reader WHERE ReaderID=#{readerID}
</delete>
</mapper>