<?xml version="1.0" encoding="UTF-8" ?>
<!DOCTYPE mapper
        PUBLIC "-//mybatis.org//DTD Mapper 3.0//EN"
        "http://mybatis.org/dtd/mybatis-3-mapper.dtd">

<mapper namespace="LibraryManageSystem.mapper.SystemAdminMapper">

    <!-- 根据管理员ID查询管理员信息 -->
    <select id="findAdminById" parameterType="String" resultType="LibraryManageSystem.pojo.SystemAdmin">
        SELECT * FROM systemadmin WHERE AdminID = #{adminID}
    </select>

    <!-- 根据手机号码查询管理员信息 -->
    <select id="findAdminByPhoneNumber" parameterType="String" resultType="LibraryManageSystem.pojo.SystemAdmin">
        SELECT * FROM systemadmin WHERE PhoneNumber = #{phoneNumber}
    </select>

    <!-- 添加管理员 -->
    <insert id="addAdmin" parameterType="LibraryManageSystem.pojo.SystemAdmin">
        INSERT INTO systemadmin (AdminID, Password, PhoneNumber, AdminName)
        VALUES (#{adminID}, #{password}, #{phoneNumber}, #{adminName})
    </insert>

    <!-- 更新管理员信息 -->
    <update id="updateAdmin" parameterType="LibraryManageSystem.pojo.SystemAdmin">
        UPDATE systemadmin
        SET Password = #{password}, PhoneNumber = #{phoneNumber}, AdminName = #{adminName}
        WHERE AdminID = #{adminID}
    </update>

    <!-- 删除管理员 -->
    <delete id="deleteAdmin" parameterType="String">
        DELETE FROM systemadmin WHERE AdminID = #{adminID}
    </delete>

</mapper>
